servidor,cargo,ordem
Mateus Simões de Almeida,Governador do Estado de Minas Gerais,1
Silvia Caroline Listgarten Dias,Secretária de Estado de Planejamento e Gestão,2
Rodrigo Ferreira Matias,Secretário-Adjunto de Estado de Planejamento e Gestão,3
Felipe Magno Parreira de Sousa,Subsecretário de Planejamento e Orçamento,4
Gabriel Braico Dornas,Assessoria de Inteligência de Dados,5
Túlio De Souza Gonzaga,Superintendente Central de Planejamento e Orçamento,6
Carolina Fonseca Moreira,"Diretora Central de Planejamento, Programação e Normas",7
Maria Rita de Carvalho Rocha,Diretora Central de Análise Fiscal,8
Pedro Lucas Fonseca Braga,Diretor Central de Monitoramento da Execução Física e Orçamentária,9
